bid,pid,fecha_atraque,fecha_salida
202,0,2018-04-20 06:06:35,2018-04-27 23:05:22
166,0,2011-08-22 23:52:28,2011-09-01 20:14:47
201,0,2019-10-23 18:39:01,2019-11-02 09:44:20
82,0,2012-12-08 00:07:00,2012-12-08 20:56:28
80,0,2020-10-16 09:14:59,
55,0,2018-12-22 18:00:59,2018-12-23 17:35:55
129,0,2014-11-12 12:01:25,2014-11-24 04:51:12
148,0,2020-08-11 10:04:04,2020-08-17 01:52:38
32,0,2018-03-05 03:05:07,2018-03-05 20:23:03
146,0,2017-08-04 08:48:24,2017-08-05 06:18:20
127,0,2021-03-13 17:25:18,
31,0,2013-02-28 03:50:49,2013-03-13 21:55:37
210,0,2020-11-13 02:05:05,
99,0,2019-04-21 23:47:33,2019-04-22 22:05:54
56,0,2015-01-26 01:46:05,2015-01-26 21:36:45
236,0,2019-06-29 01:19:19,2019-07-03 22:14:52
182,0,2019-05-25 21:14:14,2019-05-26 17:39:33
189,0,2021-07-08 05:07:19,
64,0,2015-12-30 21:05:41,2015-12-31 13:07:47
98,0,2021-06-03 11:35:38,
249,0,2021-05-05 00:39:03,
205,0,2021-08-25 20:21:18,
79,0,2016-05-31 20:40:27,2016-06-01 20:17:13
152,0,2020-11-14 09:17:09,
43,0,2013-05-02 02:30:12,2013-05-02 21:22:22
172,0,2018-01-31 08:22:56,2018-02-01 02:11:34
3,0,2019-07-13 17:35:12,2019-07-24 11:49:01
222,0,2014-07-19 18:11:01,2014-07-20 16:16:19
39,0,2021-04-07 19:57:46,
193,0,2017-12-07 06:39:23,2017-12-19 23:14:29
67,0,2021-08-16 23:53:29,
70,0,2013-09-15 03:57:09,2013-09-16 01:03:35
76,1,2013-02-27 18:30:10,2013-02-28 09:38:32
240,1,2020-10-30 00:12:52,
127,1,2011-07-03 03:35:09,2011-07-03 18:28:22
147,1,2017-02-10 14:47:09,2017-02-18 06:52:37
62,1,2014-01-04 23:22:27,2014-01-05 20:58:33
196,1,2012-11-11 01:48:27,2012-11-22 22:01:52
82,1,2015-04-13 02:06:49,2015-04-25 20:44:18
75,1,2020-10-01 15:08:05,
98,1,2015-09-11 20:36:48,2015-09-12 19:11:26
231,1,2014-03-25 17:46:04,2014-03-26 17:41:30
31,1,2012-10-29 09:13:42,2012-11-06 03:14:21
20,1,2021-09-01 04:05:01,
78,1,2015-04-14 10:03:58,2015-04-15 09:41:02
130,1,2016-08-25 04:30:33,2016-08-25 23:59:47
140,1,2021-02-22 17:46:54,
176,1,2021-06-15 13:47:35,
6,1,2015-04-23 07:46:05,2015-05-03 07:07:39
62,1,2018-03-03 02:52:08,2018-03-15 18:55:48
238,1,2021-01-19 22:37:50,
194,1,2010-08-25 13:51:37,2010-08-26 09:06:48
25,1,2014-11-23 06:01:31,2014-11-24 00:20:57
155,1,2021-07-30 18:34:41,
84,1,2021-01-17 18:19:22,
153,1,2021-02-22 12:24:38,
22,1,2011-05-01 11:59:02,2011-05-12 07:01:16
115,1,2017-08-16 00:48:00,2017-08-20 21:04:54
158,1,2020-12-26 01:41:59,
81,1,2021-07-17 08:15:30,
57,1,2020-11-19 07:20:07,
38,1,2020-09-17 01:03:48,
183,1,2017-05-05 00:49:56,2017-05-16 15:40:46
128,1,2017-01-17 23:35:43,2017-01-21 19:35:34
73,1,2018-11-01 23:11:19,2018-11-02 16:44:20
206,1,2013-05-26 12:29:53,2013-05-27 09:45:49
43,2,2020-01-30 22:55:13,2020-01-31 17:25:45
229,2,2011-08-17 07:29:06,2011-08-31 22:37:39
137,2,2015-09-16 11:19:53,2015-09-17 07:45:39
29,2,2019-03-16 21:55:49,2019-03-28 20:58:50
115,2,2016-10-09 23:34:24,2016-10-10 17:56:29
224,2,2020-12-05 22:40:37,
5,2,2014-08-30 06:37:19,2014-08-31 03:36:46
222,2,2017-02-14 21:56:27,2017-02-26 19:31:51
72,2,2012-06-27 21:55:54,2012-06-28 21:05:20
42,2,2015-05-20 15:15:45,2015-05-27 11:14:41
106,2,2016-10-21 01:38:25,2016-10-21 19:14:06
179,2,2021-02-25 23:34:30,
76,2,2015-04-29 08:42:43,2015-04-29 22:53:17
193,2,2020-10-16 15:36:57,
40,2,2021-05-13 09:06:10,
5,2,2018-06-24 22:50:11,2018-06-25 18:07:37
142,2,2021-06-19 08:18:04,
237,2,2021-04-13 16:19:39,
206,2,2015-07-12 18:05:30,2015-07-13 14:52:55
83,2,2012-05-06 10:41:34,2012-05-07 01:09:04
149,2,2010-01-03 23:27:10,2010-01-04 16:39:59
183,2,2013-04-15 10:58:13,2013-04-16 09:19:19
164,2,2021-03-25 15:58:10,
197,2,2020-04-30 03:34:07,2020-04-30 18:30:07
35,2,2020-11-24 06:26:55,
181,2,2016-10-05 00:28:21,2016-10-05 23:49:03
167,2,2017-04-11 01:34:11,2017-04-11 19:44:46
87,2,2021-08-17 21:40:15,
33,2,2021-09-04 00:12:14,
236,2,2021-07-07 12:44:23,
171,2,2019-07-17 10:34:52,2019-07-18 08:49:17
3,2,2014-06-08 12:23:31,2014-06-09 09:58:30
176,2,2012-12-20 23:03:27,2012-12-21 22:01:56
91,2,2015-01-15 19:06:23,2015-01-16 10:54:23
207,3,2015-05-06 12:46:36,2015-05-10 11:47:27
102,3,2017-02-09 21:50:19,2017-02-24 21:46:47
185,3,2021-06-17 01:52:24,
141,3,2018-09-08 22:43:03,2018-09-16 14:26:47
203,3,2015-05-27 07:02:54,2015-05-28 01:52:30
108,3,2013-10-02 23:29:26,2013-10-11 14:24:05
4,3,2017-01-04 03:00:39,2017-01-09 02:31:36
82,3,2021-06-06 01:54:17,
61,3,2012-09-11 23:28:05,2012-09-12 19:22:04
23,3,2021-05-08 22:19:54,
147,3,2021-01-03 22:31:16,
246,3,2015-07-17 08:56:51,2015-07-18 08:17:23
150,3,2017-02-06 03:00:12,2017-02-17 21:10:18
244,3,2015-04-18 04:40:22,2015-05-01 04:36:05
83,3,2020-04-07 23:21:02,2020-04-15 20:02:38
225,3,2012-05-28 04:12:50,2012-05-29 01:37:46
105,3,2015-08-13 13:42:43,2015-08-14 04:18:56
77,3,2021-01-08 17:15:02,
78,3,2012-07-19 01:41:47,2012-08-02 16:09:23
243,3,2021-04-03 01:49:47,
50,3,2021-02-02 03:02:08,
146,4,2019-05-20 15:02:21,2019-05-21 05:34:16
249,4,2020-10-27 20:37:49,
155,4,2016-04-14 22:11:07,2016-04-15 14:19:24
171,4,2021-01-02 07:56:35,
143,4,2021-02-04 12:12:33,
220,4,2011-07-18 13:18:04,2011-07-19 03:23:11
39,4,2012-11-04 10:40:41,2012-11-05 08:54:49
187,4,2010-11-08 16:33:42,2010-11-09 13:58:22
35,4,2020-09-21 07:31:18,
96,4,2011-07-06 16:33:06,2011-07-14 16:06:27
9,4,2021-01-18 01:11:17,
29,4,2021-04-28 06:52:45,
97,4,2016-10-04 08:50:56,2016-10-13 08:24:52
61,4,2012-05-12 02:19:07,2012-05-13 00:39:37
207,4,2014-05-16 20:12:27,2014-05-28 13:54:04
45,4,2021-06-04 09:18:23,
187,4,2020-03-28 09:51:46,2020-04-07 00:22:20
102,4,2019-07-25 20:22:49,2019-08-03 17:35:20
76,4,2013-01-26 10:02:34,2013-01-27 07:30:39
187,4,2021-02-07 23:12:54,
241,4,2016-11-04 07:30:13,2016-11-05 04:53:15
9,4,2020-08-11 01:14:38,2020-08-11 16:34:18
22,4,2021-07-26 04:38:05,
4,4,2010-09-18 10:35:00,2010-09-19 08:26:19
173,4,2010-08-12 00:43:27,2010-08-12 18:57:59
225,4,2010-09-08 03:27:04,2010-09-09 03:24:01
167,4,2016-03-29 19:55:29,2016-04-08 13:08:10
12,4,2013-09-07 07:45:44,2013-09-19 01:56:27
89,4,2015-08-17 20:29:39,2015-08-18 12:09:27
31,4,2021-08-30 23:05:53,
95,4,2011-08-28 09:06:19,2011-09-06 03:18:10
142,4,2016-03-05 14:04:19,2016-03-06 09:56:11
99,4,2020-12-31 07:41:33,
136,4,2013-04-11 07:27:40,2013-04-11 23:18:29
185,4,2011-07-31 23:05:51,2011-08-01 17:45:27
49,4,2017-05-19 22:40:51,2017-05-20 16:05:27
73,4,2017-03-20 18:08:51,2017-03-21 10:14:11
103,4,2021-04-11 16:01:26,
16,4,2015-10-04 05:37:15,2015-10-14 04:12:50
194,4,2021-03-16 14:54:25,
83,5,2021-06-08 21:31:23,
77,5,2018-08-11 07:41:45,2018-08-11 22:00:44
19,5,2017-08-09 02:19:41,2017-08-14 23:05:05
231,5,2017-01-24 07:16:18,2017-01-25 03:09:25
133,5,2020-10-17 04:13:53,
239,5,2016-12-25 05:03:19,2017-01-09 03:15:19
144,5,2018-11-02 08:15:23,2018-11-03 03:11:44
111,5,2020-07-10 20:56:26,2020-07-11 11:45:49
74,5,2020-09-24 10:14:01,
18,5,2011-03-06 16:50:45,2011-03-07 14:46:14
16,5,2021-01-12 14:47:25,
211,5,2021-05-13 18:57:35,
179,5,2020-10-13 02:41:08,
153,5,2011-12-29 14:40:54,2012-01-06 07:20:57
223,5,2021-02-21 04:52:26,
247,5,2020-04-07 03:41:53,2020-04-08 02:22:34
134,5,2021-04-29 23:04:01,
69,5,2015-07-05 16:29:02,2015-07-15 15:22:35
185,5,2020-11-24 19:10:49,
157,5,2017-09-22 14:40:13,2017-09-23 06:12:57
39,5,2012-07-16 10:05:09,2012-07-17 04:59:45
76,5,2020-11-04 00:38:49,
241,5,2020-12-28 03:03:16,
232,5,2012-09-08 21:18:11,2012-09-09 11:52:22
172,5,2010-11-01 03:48:44,2010-11-16 01:29:47
188,5,2021-07-19 09:29:37,
98,5,2021-07-04 22:26:56,
189,5,2017-08-05 05:38:57,2017-08-05 19:36:42
44,5,2020-10-25 01:00:16,
56,5,2016-12-23 15:19:51,2016-12-24 11:54:57
145,6,2017-12-24 07:51:47,2018-01-04 02:06:45
41,6,2019-03-22 09:04:08,2019-03-23 02:22:59
90,6,2018-09-27 03:47:38,2018-09-28 00:22:15
10,6,2021-08-15 00:12:46,
170,6,2020-12-16 02:56:08,
186,6,2019-07-31 22:56:09,2019-08-11 15:39:42
164,6,2017-05-19 23:17:39,2017-06-01 19:31:24
29,6,2011-11-21 03:04:28,2011-11-27 02:57:04
23,6,2021-04-05 12:45:43,
75,6,2013-11-15 05:24:18,2013-11-28 00:22:08
53,6,2013-08-22 02:07:11,2013-08-22 21:57:28
58,6,2017-04-23 18:57:02,2017-04-24 15:06:13
149,6,2020-12-01 10:03:20,
166,6,2011-06-26 21:11:00,2011-06-27 14:31:29
171,6,2010-08-21 08:11:29,2010-08-21 23:34:04
143,6,2020-12-27 07:33:12,
6,6,2021-02-02 23:54:12,
30,6,2014-01-19 20:53:45,2014-01-20 13:56:55
222,6,2012-06-25 09:33:40,2012-06-30 00:13:33
8,6,2019-07-13 21:16:24,2019-07-18 13:28:18
55,6,2010-12-08 00:11:01,2010-12-08 14:11:39
27,6,2019-02-23 05:21:21,2019-02-23 21:36:47
70,6,2011-05-11 11:56:12,2011-05-25 05:46:30
79,7,2013-04-29 06:37:44,2013-04-30 06:08:53
171,7,2020-09-11 13:15:38,
201,7,2021-07-28 00:31:39,
96,7,2016-04-21 05:46:57,2016-04-28 00:04:22
38,7,2021-01-09 04:49:05,
87,7,2019-01-05 19:11:37,2019-01-06 12:05:01
226,7,2020-11-13 12:28:45,
121,7,2020-12-26 16:37:46,
201,7,2011-01-09 02:43:25,2011-01-09 22:12:14
119,7,2021-07-04 20:42:59,
49,7,2020-12-10 10:47:40,
219,7,2014-06-10 14:11:17,2014-06-11 09:04:34
78,7,2011-01-12 02:41:31,2011-01-13 00:59:51
197,7,2014-09-23 08:59:28,2014-09-24 03:03:54
38,7,2011-01-20 11:09:52,2011-01-21 03:49:07
183,7,2020-12-09 13:19:00,
138,7,2012-11-27 02:59:57,2012-12-03 17:42:50
202,7,2020-12-29 02:49:07,
80,7,2013-07-24 00:33:44,2013-07-24 17:29:13
82,7,2011-08-25 20:48:53,2011-09-04 13:12:21
153,8,2019-06-29 02:45:33,2019-07-04 19:21:17
72,8,2021-07-20 08:58:56,
114,8,2012-10-08 09:49:15,2012-10-09 02:45:39
135,8,2020-03-06 04:46:32,2020-03-07 02:26:27
4,8,2021-02-13 04:02:15,
66,8,2012-10-18 12:00:00,2012-10-19 03:36:13
117,8,2016-08-24 20:16:05,2016-09-07 14:11:17
0,8,2017-02-21 11:24:57,2017-02-22 07:23:03
101,8,2015-05-19 04:47:56,2015-05-20 02:50:55
99,8,2021-04-06 00:21:38,
248,8,2021-08-24 16:17:28,
83,8,2019-08-02 19:14:01,2019-08-03 12:27:29
192,9,2018-02-28 07:06:16,2018-03-14 04:02:30
30,9,2012-09-25 23:55:54,2012-10-02 14:09:47
211,9,2020-11-12 17:07:56,
153,9,2012-01-13 07:29:40,2012-01-24 07:24:51
229,9,2021-07-05 10:15:10,
170,9,2013-10-27 18:19:08,2013-11-01 14:56:51
186,9,2014-02-12 18:11:13,2014-02-23 15:40:21
21,9,2016-03-01 12:21:36,2016-03-13 02:31:15
97,9,2021-02-19 17:51:04,
24,9,2019-10-17 02:59:45,2019-10-24 17:56:56
48,9,2021-06-19 13:03:17,
145,9,2021-07-08 22:43:04,
225,9,2021-04-02 16:19:54,
57,9,2017-02-12 01:20:01,2017-02-26 18:42:12
157,9,2021-06-22 18:14:59,
244,10,2020-12-09 17:02:32,
184,10,2017-12-12 00:17:28,2017-12-12 23:15:54
101,10,2020-09-01 18:29:23,2020-09-11 11:02:39
134,10,2017-03-04 04:19:10,2017-03-04 20:52:31
20,10,2013-03-25 23:52:46,2013-03-26 17:14:51
6,10,2021-08-31 15:11:51,
171,10,2021-08-07 07:28:27,
174,10,2020-11-07 06:33:19,
77,10,2011-08-08 03:47:36,2011-08-08 23:09:24
71,10,2010-03-11 00:26:24,2010-03-11 21:14:38
47,10,2017-08-02 17:21:11,2017-08-03 08:49:50
178,10,2016-08-21 06:55:26,2016-08-22 01:57:07
179,10,2015-01-26 13:09:04,2015-01-27 09:32:15
23,10,2017-11-13 10:30:03,2017-11-14 01:44:49
32,10,2020-11-09 11:37:46,
7,10,2020-10-29 20:57:11,
62,10,2015-10-11 19:53:46,2015-10-12 14:49:33
52,10,2010-01-09 01:13:59,2010-01-18 15:43:36
141,10,2017-03-01 07:00:00,2017-03-06 00:06:48
219,10,2015-10-07 03:27:49,2015-10-07 22:13:48
246,10,2013-12-16 01:14:47,2013-12-16 16:26:02
92,10,2021-08-05 21:51:28,
174,10,2021-02-09 08:03:13,
206,10,2018-06-29 23:23:23,2018-06-30 15:32:27
148,10,2014-12-05 05:31:35,2014-12-05 21:56:10
106,10,2017-10-13 20:27:08,2017-10-14 18:43:35
31,10,2020-11-06 08:17:24,
12,10,2011-11-12 19:45:13,2011-11-13 18:21:23
49,10,2019-09-18 15:32:57,2019-09-19 12:24:29
107,10,2020-01-03 05:20:39,2020-01-12 21:10:53
87,10,2013-06-01 04:25:58,2013-06-02 01:58:32
230,10,2012-03-02 00:30:27,2012-03-02 15:16:17
121,10,2021-02-25 23:56:28,
159,10,2010-10-15 06:52:13,2010-10-16 03:57:53
152,10,2020-06-30 15:19:36,2020-07-06 11:41:06
67,10,2010-08-24 05:00:58,2010-08-24 21:32:24
7,10,2020-07-27 04:01:36,2020-07-27 19:48:24
221,10,2012-05-30 19:26:13,2012-05-31 11:32:37
157,10,2017-03-02 11:32:05,2017-03-03 06:36:44
122,10,2018-07-27 06:46:22,2018-08-06 23:44:11
160,10,2020-07-15 03:32:51,2020-07-24 18:25:05
149,10,2021-07-08 01:12:54,
130,10,2018-11-27 18:54:41,2018-12-09 10:29:06
78,11,2017-06-17 12:12:29,2017-06-22 03:02:33
178,11,2021-01-13 17:40:56,
249,11,2021-01-28 11:27:56,
177,11,2021-06-23 21:19:52,
95,11,2020-12-17 00:12:33,
176,11,2021-02-22 18:18:32,
129,11,2021-08-26 05:11:04,
167,12,2012-04-04 09:16:24,2012-04-05 04:12:23
145,12,2013-07-26 06:45:21,2013-08-05 04:55:56
130,12,2021-06-04 11:29:28,
126,12,2014-06-06 11:02:55,2014-06-07 05:04:01
195,12,2011-03-25 10:22:20,2011-03-26 01:58:18
24,12,2014-09-23 15:51:10,2014-09-28 09:47:07
194,12,2019-05-11 10:25:59,2019-05-12 02:26:39
207,12,2021-05-25 21:38:22,
5,12,2015-05-28 14:19:48,2015-06-11 08:51:17
185,12,2010-10-07 00:36:28,2010-10-10 22:57:26
195,12,2018-07-24 08:43:11,2018-07-25 07:16:04
218,12,2010-06-05 04:01:28,2010-06-05 21:22:50
180,12,2020-12-09 08:00:33,
146,12,2010-08-24 15:22:43,2010-08-25 11:13:13
218,12,2011-11-01 03:22:38,2011-11-01 20:47:29
191,12,2011-06-17 14:16:00,2011-07-02 14:06:50
234,12,2021-04-01 23:36:05,
219,12,2021-02-05 13:21:00,
234,12,2011-08-05 13:39:31,2011-08-06 11:05:24
47,12,2020-12-07 04:22:22,
90,12,2010-06-15 06:57:36,2010-06-15 22:54:35
185,12,2013-10-22 04:52:19,2013-10-23 00:42:04
119,12,2017-08-13 05:59:37,2017-08-13 20:42:16
156,13,2021-07-22 07:14:50,
156,13,2020-11-25 00:28:10,
155,13,2019-03-04 01:49:48,2019-03-18 16:50:34
35,13,2014-08-06 13:46:49,2014-08-20 11:11:52
55,13,2021-06-19 05:17:54,
118,13,2014-06-28 20:35:40,2014-06-29 14:59:01
112,13,2012-03-23 16:16:53,2012-03-24 12:01:28
214,13,2016-07-16 00:43:30,2016-07-22 20:19:47
72,13,2018-01-24 22:50:57,2018-02-08 18:10:36
156,13,2021-01-16 12:18:04,
163,13,2013-07-14 16:38:30,2013-07-21 11:20:39
115,13,2021-02-17 11:29:21,
167,13,2011-03-10 20:16:32,2011-03-16 17:49:35
212,13,2020-09-12 22:50:48,
121,13,2021-08-14 16:50:42,
105,13,2017-04-18 18:54:27,2017-04-28 18:36:19
168,13,2019-06-25 07:43:17,2019-07-08 01:38:10
60,13,2015-05-06 03:50:50,2015-05-15 22:32:20
7,13,2021-05-26 21:00:42,
31,13,2020-09-11 18:03:29,
135,13,2017-05-30 03:38:16,2017-06-12 18:38:29
210,14,2021-01-15 03:33:43,
165,14,2011-07-26 01:14:18,2011-07-26 17:21:44
156,14,2013-06-18 07:54:37,2013-06-28 23:27:05
48,14,2021-07-08 06:01:34,
221,14,2012-02-28 00:06:12,2012-02-28 22:16:29
200,14,2017-12-16 16:16:17,2017-12-17 12:42:36
33,14,2017-09-27 04:33:41,2017-10-04 18:37:17
220,14,2012-11-05 09:18:59,2012-11-06 02:35:04
199,14,2021-08-10 02:53:54,
0,14,2011-03-04 02:02:06,2011-03-04 23:10:31
103,15,2020-09-17 02:48:54,
70,15,2019-01-31 10:28:50,2019-02-09 09:54:03
4,15,2014-07-05 02:56:31,2014-07-05 19:32:00
189,15,2010-03-19 23:07:33,2010-03-26 22:25:32
106,15,2021-05-01 02:45:37,
10,15,2020-03-10 11:36:11,2020-03-11 01:38:14
9,15,2021-06-10 07:00:54,
40,15,2017-07-12 08:34:35,2017-07-16 07:10:27
156,15,2014-10-02 20:18:54,2014-10-03 10:57:57
217,15,2016-05-14 02:14:56,2016-05-23 19:32:58
91,15,2021-02-09 13:00:47,
197,15,2011-09-12 10:10:14,2011-09-13 01:03:34
72,15,2020-12-01 22:58:35,
36,15,2021-01-23 00:00:51,
204,15,2021-03-11 01:03:58,
64,15,2021-04-26 16:54:15,
227,15,2020-10-05 12:48:12,
173,15,2010-04-09 03:10:59,2010-04-09 21:36:07
221,15,2013-08-03 15:08:45,2013-08-07 13:42:00
162,15,2020-01-27 12:15:10,2020-01-28 05:48:14
34,15,2015-11-27 17:22:07,2015-12-03 09:04:13
249,15,2020-09-20 07:06:13,
84,15,2019-04-03 05:34:34,2019-04-04 05:10:29
14,15,2021-02-01 08:37:44,
17,15,2011-03-03 21:17:50,2011-03-04 19:41:08
175,15,2020-11-26 01:50:22,
228,15,2010-01-30 00:47:35,2010-02-07 15:15:26
200,15,2013-07-28 16:07:22,2013-07-29 14:18:04
180,15,2017-03-08 17:47:08,2017-03-09 13:32:15
176,16,2020-04-11 20:34:46,2020-04-18 14:55:23
40,16,2021-06-06 17:52:09,
174,16,2020-11-23 03:14:28,
90,16,2012-03-05 16:44:00,2012-03-06 10:35:16
2,16,2017-11-11 02:39:34,2017-11-14 17:38:09
205,16,2020-12-26 05:00:40,
32,16,2015-08-03 08:03:41,2015-08-04 06:46:43
245,16,2013-09-28 22:31:23,2013-10-08 18:23:43
90,16,2014-04-25 11:42:06,2014-05-03 07:14:14
237,16,2021-01-26 17:30:16,
44,16,2017-07-02 12:13:41,2017-07-06 06:59:10
112,16,2020-10-09 02:10:14,
149,16,2020-04-16 07:11:33,2020-04-29 00:03:01
125,16,2018-09-11 17:56:52,2018-09-12 16:41:52
125,16,2011-04-22 05:55:21,2011-04-27 05:26:19
238,16,2014-05-11 17:37:37,2014-05-22 14:14:04
90,16,2020-12-12 06:05:23,
90,16,2014-11-06 13:03:28,2014-11-07 05:33:59
170,16,2021-08-26 07:10:36,
48,16,2018-07-29 23:05:46,2018-08-06 18:21:44
152,16,2020-12-19 01:51:44,
178,16,2019-12-27 20:24:43,2019-12-28 12:42:01
35,17,2019-05-26 15:25:22,2019-05-27 06:34:54
241,17,2012-07-26 01:54:43,2012-07-26 23:44:57
149,17,2012-09-04 22:48:17,2012-09-05 14:23:24
174,17,2021-02-23 05:12:12,
140,17,2018-02-17 12:50:16,2018-02-28 05:42:52
130,17,2020-11-22 19:12:49,
114,17,2015-12-28 14:26:52,2016-01-08 13:48:50
152,17,2021-08-18 22:09:18,
188,17,2021-01-05 07:58:19,
240,17,2011-10-31 10:57:26,2011-11-14 05:12:49
234,17,2021-08-05 03:38:20,
208,17,2011-04-17 10:58:50,2011-04-22 03:31:00
74,17,2021-02-26 11:20:21,
199,17,2014-05-01 14:54:41,2014-05-06 07:09:38
201,17,2013-11-10 08:06:04,2013-11-11 05:01:25
166,17,2013-09-28 05:28:44,2013-10-08 01:55:15
109,17,2020-09-28 00:55:22,
236,17,2018-12-29 16:46:27,2018-12-30 14:48:07
146,17,2016-08-08 21:12:33,2016-08-09 19:47:55
72,17,2021-06-30 03:51:12,
31,17,2014-06-14 17:59:20,2014-06-20 09:29:04
191,17,2014-03-13 17:17:39,2014-03-14 08:08:50
232,17,2020-08-06 07:17:14,2020-08-07 02:16:13
58,18,2020-12-01 01:35:11,
132,18,2011-06-04 05:02:34,2011-06-15 00:10:17
145,18,2021-07-16 11:32:07,
46,18,2010-08-07 14:45:10,2010-08-08 13:38:43
85,18,2013-01-12 10:08:13,2013-01-13 04:09:43
110,18,2011-06-29 08:38:14,2011-06-30 07:16:02
192,18,2014-11-09 20:45:05,2014-11-10 11:02:35
118,18,2020-02-26 05:46:15,2020-02-27 05:39:29
206,18,2012-06-27 15:20:50,2012-06-28 06:54:10
169,18,2011-11-29 07:23:58,2011-11-29 21:51:57
78,18,2014-12-10 12:58:57,2014-12-11 08:52:52
225,18,2020-11-20 00:46:32,
182,18,2012-08-27 04:08:27,2012-08-28 00:40:59
81,18,2021-08-07 02:44:03,
66,18,2012-08-16 13:42:32,2012-08-17 06:32:51
12,18,2017-03-19 13:02:11,2017-03-20 03:52:45
1,18,2016-05-21 00:39:16,2016-05-27 18:22:59
77,18,2015-09-18 05:53:00,2015-09-21 23:00:25
18,18,2018-11-23 19:39:22,2018-11-30 14:59:08
128,18,2013-01-21 13:04:41,2013-02-03 03:21:53
28,18,2020-07-07 23:20:25,2020-07-08 17:51:49
225,18,2020-10-01 05:45:37,
157,18,2021-06-09 09:03:33,
5,18,2013-12-20 21:57:47,2014-01-02 21:51:38
239,18,2016-03-26 03:50:07,2016-03-27 01:24:54
201,18,2013-04-09 10:54:58,2013-04-23 10:10:16
232,18,2011-11-26 15:57:21,2011-11-27 12:37:57
10,18,2013-06-10 02:55:51,2013-06-24 23:23:40
200,18,2020-10-22 15:52:56,
209,18,2017-04-22 15:49:59,2017-04-23 09:33:31
127,18,2014-04-05 11:29:55,2014-04-06 05:35:38
158,18,2012-01-30 17:41:19,2012-01-31 10:09:29
128,18,2016-03-27 11:33:13,2016-04-03 07:04:38
22,18,2021-07-28 06:47:43,
175,18,2020-11-18 13:16:56,
35,18,2012-11-04 17:31:26,2012-11-05 10:31:42
242,19,2020-07-27 09:06:46,2020-08-05 06:47:53
148,19,2013-12-13 17:00:07,2013-12-14 07:55:47
158,19,2015-05-26 20:38:50,2015-06-01 20:20:34
230,19,2012-06-21 03:27:59,2012-06-27 19:57:49
90,19,2021-05-14 15:32:18,
180,19,2020-02-09 14:53:37,2020-02-10 05:22:28
8,19,2019-04-02 05:26:23,2019-04-08 04:19:00
239,19,2014-05-29 09:53:21,2014-05-29 23:47:28
75,19,2012-07-04 22:56:10,2012-07-05 16:33:48
72,19,2020-11-18 00:28:16,
92,19,2021-01-15 06:04:58,
30,19,2017-01-09 05:21:41,2017-01-09 20:58:22
155,19,2015-09-06 21:08:15,2015-09-07 18:28:48
83,19,2017-03-12 03:05:10,2017-03-13 01:06:19
177,19,2021-01-24 00:13:22,
167,19,2021-02-17 20:47:53,
232,19,2021-08-21 12:59:05,
225,19,2011-03-11 16:36:01,2011-03-21 07:21:29
84,19,2018-10-26 15:00:03,2018-10-27 09:10:54
191,19,2020-11-06 19:02:59,
140,20,2011-12-10 04:14:38,2011-12-11 00:50:15
117,20,2015-01-11 15:16:01,2015-01-12 11:02:03
228,20,2017-09-27 05:08:30,2017-09-28 01:24:03
201,20,2021-05-23 12:26:50,
19,20,2014-03-21 04:58:39,2014-03-21 21:52:38
152,20,2019-11-25 23:29:58,2019-11-26 21:07:48
243,20,2021-07-03 18:49:48,
195,20,2015-04-12 01:49:38,2015-04-24 18:12:55
187,20,2021-06-24 13:09:23,
140,20,2016-04-27 13:08:05,2016-04-28 11:59:16
200,20,2016-03-22 13:59:32,2016-03-23 11:22:51
218,20,2015-06-25 19:46:24,2015-06-26 16:00:42
101,20,2021-04-09 21:23:48,
42,20,2013-03-02 01:30:23,2013-03-02 21:53:26
226,20,2020-01-29 11:13:33,2020-01-30 07:56:31
187,20,2020-11-23 06:42:57,
40,20,2016-03-12 01:58:28,2016-03-12 19:59:41
14,20,2020-10-11 07:01:08,
100,20,2021-02-03 15:23:39,
133,20,2021-05-31 06:14:19,
41,20,2020-08-08 21:15:16,2020-08-09 14:39:05
195,20,2011-06-20 11:03:39,2011-06-21 08:06:47
74,20,2015-07-19 03:35:15,2015-07-27 03:09:43
157,20,2016-04-01 21:51:51,2016-04-02 17:30:28
2,20,2021-05-02 20:43:18,
46,20,2012-05-16 20:10:25,2012-05-17 15:33:07
27,20,2021-02-17 20:04:29,
113,20,2021-07-07 04:10:59,
218,20,2010-10-30 22:46:07,2010-10-31 21:01:54
61,20,2020-09-11 01:25:05,
187,20,2014-02-23 00:48:07,2014-02-23 23:25:15
203,20,2012-01-07 22:59:27,2012-01-08 13:28:07
62,20,2021-06-09 18:51:26,
199,20,2021-05-18 14:56:49,
218,20,2019-04-29 01:13:30,2019-04-29 21:02:46
104,20,2013-03-09 14:02:05,2013-03-10 11:51:38
35,20,2016-08-17 06:32:12,2016-08-18 03:31:46
14,20,2020-11-28 20:50:03,
9,20,2016-02-11 09:24:29,2016-02-24 05:19:45
27,21,2021-05-11 07:46:01,
245,21,2019-09-05 03:05:51,2019-09-05 21:03:50
33,21,2021-06-17 22:08:12,
78,21,2020-12-08 06:17:17,
30,21,2015-09-21 08:29:50,2015-09-22 02:16:21
224,21,2013-08-12 00:41:31,2013-08-12 14:41:15
178,21,2014-07-27 12:41:09,2014-07-28 05:22:40
147,21,2021-04-20 14:54:53,
27,21,2012-08-11 18:46:13,2012-08-12 16:50:39
213,21,2021-02-08 07:00:31,
1,21,2016-08-20 23:18:56,2016-08-21 14:24:25
237,21,2012-05-14 11:21:05,2012-05-15 06:10:42
47,21,2010-09-16 12:32:35,2010-09-25 06:48:46
78,21,2021-06-24 03:33:47,
104,21,2017-06-25 06:43:17,2017-06-25 23:44:09
115,21,2014-03-25 04:24:54,2014-04-05 03:03:51
32,21,2021-03-11 23:51:30,
183,21,2014-04-08 19:59:34,2014-04-09 16:27:17
42,21,2019-01-18 08:54:48,2019-01-19 00:23:29
224,21,2016-02-10 09:20:01,2016-02-11 07:55:40
84,21,2015-12-23 01:56:54,2015-12-23 19:52:26
89,21,2012-05-24 05:36:01,2012-05-25 03:26:23
21,21,2013-10-22 00:39:10,2013-10-22 18:59:02
137,21,2017-11-26 06:22:33,2017-11-26 20:17:10
121,21,2020-11-26 04:07:42,
157,21,2021-04-30 19:32:56,
172,21,2018-07-12 02:12:58,2018-07-12 17:52:41
143,21,2017-07-27 00:42:30,2017-07-27 18:01:24
210,21,2015-01-28 18:16:28,2015-01-29 11:08:23
138,21,2013-03-31 22:13:10,2013-04-15 15:18:40
225,21,2016-09-14 19:32:09,2016-09-15 17:15:27
249,21,2018-09-23 11:20:23,2018-10-03 10:03:39
105,21,2020-12-03 11:38:45,
66,21,2011-02-25 02:10:31,2011-02-26 00:17:42
20,21,2016-12-29 17:00:50,2016-12-30 07:03:37
52,21,2018-10-08 01:43:35,2018-10-08 18:29:14
197,21,2014-10-06 07:07:24,2014-10-06 21:30:22
160,21,2010-11-10 06:32:49,2010-11-15 23:44:09
64,22,2010-06-14 12:17:28,2010-06-15 07:18:34
18,22,2013-08-25 09:17:15,2013-08-26 06:37:25
181,22,2019-03-29 03:34:06,2019-03-29 21:23:27
96,22,2021-01-03 19:07:54,
176,22,2017-06-13 13:12:45,2017-06-17 10:01:53
103,22,2016-05-27 19:07:36,2016-05-28 09:25:33
211,22,2016-12-25 01:04:05,2016-12-25 20:57:26
160,22,2021-02-14 15:48:52,
106,22,2021-04-27 20:40:08,
75,22,2019-06-19 03:31:57,2019-06-19 21:48:27
246,22,2020-12-22 09:41:26,
234,22,2012-02-16 08:38:47,2012-02-25 03:02:41
95,22,2021-04-09 13:05:24,
97,22,2015-11-23 14:07:02,2015-11-24 13:11:37
40,22,2021-08-14 23:55:17,
106,22,2021-02-25 14:34:53,
102,22,2020-07-31 19:48:10,2020-08-01 15:30:33
135,22,2012-05-24 13:19:47,2012-06-04 08:21:47
155,22,2021-07-22 17:00:32,
59,23,2012-06-09 03:12:41,2012-06-09 20:05:27
158,23,2011-11-12 11:19:25,2011-11-13 07:14:55
231,23,2016-02-17 05:29:33,2016-02-17 22:44:42
60,23,2019-06-02 04:32:37,2019-06-02 23:37:19
99,23,2013-09-05 14:23:50,2013-09-06 13:17:17
98,24,2016-06-30 04:02:02,2016-07-01 02:29:15
68,24,2021-02-15 14:59:49,
230,24,2015-05-12 07:19:14,2015-05-13 03:37:35
230,24,2010-11-06 16:28:52,2010-11-07 07:18:50
21,24,2021-04-04 03:18:17,
86,24,2021-03-19 17:04:57,
32,24,2020-11-25 00:18:10,
59,24,2013-06-18 20:23:35,2013-06-19 17:05:55
198,24,2014-08-04 06:30:06,2014-08-12 22:29:25
38,24,2021-06-02 15:20:26,
150,24,2017-11-21 06:50:06,2017-12-03 06:32:09
98,24,2011-02-03 04:03:40,2011-02-13 01:37:34
149,24,2020-10-14 22:20:18,
128,24,2020-10-20 06:32:42,
206,24,2020-05-28 18:51:36,2020-05-29 11:35:40
42,24,2016-03-11 23:23:05,2016-03-12 17:26:17
214,24,2016-08-09 04:23:49,2016-08-09 23:57:48
168,24,2010-05-25 00:27:38,2010-05-25 22:17:59
87,24,2011-01-23 13:47:57,2011-01-24 12:01:44
109,24,2011-08-26 18:14:52,2011-08-30 18:03:17
134,24,2021-07-24 04:03:04,
20,24,2020-05-06 04:15:58,2020-05-18 20:14:28
171,24,2010-10-10 09:18:56,2010-10-11 00:44:48
74,24,2021-07-08 05:07:37,
142,24,2021-06-13 22:33:59,
46,24,2019-08-16 20:05:07,2019-08-17 14:16:02
148,24,2013-06-19 05:05:59,2013-06-19 23:02:57
65,24,2021-05-17 14:57:22,
143,24,2013-09-15 21:11:56,2013-09-16 15:06:51
39,24,2015-06-17 22:38:12,2015-06-25 15:51:56
176,25,2016-04-21 08:32:12,2016-04-22 02:31:42
242,25,2017-09-22 14:26:16,2017-09-23 08:33:19
46,25,2020-03-18 10:24:46,2020-03-19 09:19:10
44,25,2018-06-12 17:19:21,2018-06-13 09:13:28
79,25,2021-06-25 07:28:16,
201,25,2020-04-01 06:20:10,2020-04-02 04:49:09
41,25,2010-12-22 18:00:49,2010-12-23 17:37:27
81,25,2019-12-31 23:27:42,2020-01-01 22:18:25
106,25,2018-07-31 15:08:17,2018-08-13 09:30:44
200,25,2021-07-25 12:54:03,
104,25,2021-08-28 00:32:31,
154,25,2017-11-28 08:44:18,2017-11-29 00:45:24
18,25,2019-06-24 20:18:16,2019-06-25 17:38:10
246,25,2020-11-19 01:15:38,
228,25,2021-06-02 05:22:15,
105,25,2016-09-12 16:32:55,2016-09-19 16:32:35
10,25,2016-02-23 21:23:23,2016-02-24 14:14:09
158,25,2011-02-10 06:02:24,2011-02-18 22:17:41
227,25,2015-07-20 13:37:42,2015-08-01 12:47:43
154,25,2011-11-11 12:25:48,2011-11-12 07:22:51
224,25,2014-02-10 16:41:30,2014-02-11 15:33:13
38,25,2014-05-03 12:10:48,2014-05-12 04:34:28
101,25,2014-03-22 19:05:39,2014-03-23 13:48:16
74,26,2021-05-06 16:28:39,
84,26,2021-01-22 01:39:53,
189,26,2019-10-17 15:54:18,2019-10-26 12:41:41
243,26,2016-07-15 14:28:05,2016-07-16 10:55:01
115,26,2011-08-28 05:25:04,2011-08-29 03:03:43
147,26,2011-11-13 17:48:15,2011-11-14 15:49:12
178,26,2012-04-03 07:33:44,2012-04-04 04:48:23
193,26,2017-04-16 11:20:17,2017-04-17 11:05:24
56,26,2021-06-11 16:25:26,
124,26,2018-04-08 17:00:41,2018-04-09 08:59:44
159,26,2021-08-01 14:16:38,
28,26,2013-12-17 12:58:35,2013-12-29 03:36:19
150,26,2013-09-11 18:48:09,2013-09-17 17:07:38
85,26,2020-04-09 10:55:59,2020-04-10 07:41:26
243,26,2017-02-15 15:26:49,2017-02-16 12:44:13
227,26,2021-01-28 17:32:29,
135,26,2021-01-15 16:42:00,
244,26,2020-12-10 21:07:04,
141,26,2014-07-01 08:53:57,2014-07-02 06:19:10
148,26,2020-09-17 20:34:36,
29,27,2015-12-18 02:20:55,2015-12-19 00:48:07
13,27,2021-09-02 15:02:20,
174,27,2017-03-21 21:44:15,2017-03-22 20:14:39
239,27,2018-07-06 22:16:39,2018-07-13 13:45:18
25,27,2019-05-20 20:38:51,2019-05-25 11:35:23
200,27,2019-02-25 02:17:31,2019-02-25 23:01:28
117,27,2016-09-27 19:23:17,2016-09-28 14:52:01
245,27,2012-07-14 20:14:06,2012-07-15 11:22:45
119,27,2015-01-19 15:00:21,2015-01-20 14:27:30
44,27,2020-09-14 05:30:30,
90,27,2021-02-15 06:04:06,
228,27,2010-10-23 14:44:06,2010-10-24 05:51:32
72,27,2020-02-15 02:39:38,2020-02-16 01:59:24
115,27,2018-02-13 21:11:18,2018-02-14 19:17:46
186,27,2010-12-15 19:17:21,2010-12-16 14:44:31
196,27,2019-12-21 22:50:57,2019-12-22 22:09:23
58,27,2021-04-30 02:43:38,
63,27,2017-08-25 02:24:02,2017-08-25 22:28:03
155,27,2021-07-09 01:26:55,
104,28,2014-12-21 22:21:23,2014-12-22 19:07:11
71,28,2012-05-30 15:32:39,2012-05-31 09:27:25
246,28,2019-02-19 02:14:08,2019-03-03 01:19:42
184,28,2018-01-09 09:07:53,2018-01-10 05:40:15
28,28,2021-07-28 01:06:27,
174,28,2021-06-13 13:10:02,
221,28,2020-11-04 12:02:39,
59,28,2021-02-14 12:26:47,
123,28,2010-06-02 12:56:51,2010-06-03 09:14:50
140,28,2021-03-02 20:16:13,
62,28,2014-11-28 14:41:08,2014-11-29 11:45:54
56,28,2020-10-11 18:15:20,
204,28,2010-02-09 11:36:53,2010-02-10 01:47:57
72,28,2020-11-11 00:02:58,
95,28,2014-04-26 19:41:22,2014-04-27 15:05:33
133,28,2017-04-07 19:58:33,2017-04-08 19:24:14
168,28,2013-02-25 09:16:08,2013-03-12 05:27:38
7,28,2012-08-24 04:16:03,2012-08-25 03:10:05
0,28,2015-04-06 07:29:48,2015-04-07 07:10:52
146,28,2020-04-15 15:56:43,2020-04-16 14:24:24
64,28,2016-09-11 08:02:27,2016-09-16 22:29:04
199,28,2012-08-06 21:51:16,2012-08-07 17:04:33
54,28,2021-05-09 14:12:03,
229,28,2019-09-05 14:26:48,2019-09-06 08:01:07
120,28,2014-06-04 23:01:19,2014-06-13 22:03:30
224,28,2017-03-13 03:39:35,2017-03-18 20:50:04
126,28,2021-08-28 16:30:02,
15,28,2010-03-17 21:01:08,2010-03-18 16:20:37
91,28,2020-06-26 17:04:15,2020-07-11 13:40:16
15,28,2014-10-27 04:15:48,2014-10-28 02:45:18
171,28,2012-02-01 16:00:51,2012-02-08 13:07:44
186,28,2018-07-01 13:26:15,2018-07-02 06:30:35
128,29,2013-08-26 22:46:16,2013-08-27 21:35:35
52,29,2013-08-21 00:14:12,2013-08-21 19:01:00
82,29,2019-11-11 14:41:34,2019-11-12 06:29:01
185,29,2021-05-30 22:59:28,
137,29,2020-06-16 23:27:55,2020-06-17 20:22:29
233,29,2015-09-26 17:21:30,2015-09-27 13:01:10
127,29,2019-10-19 21:50:09,2019-10-20 17:38:01
84,29,2020-12-02 16:55:30,
31,29,2017-07-12 23:19:30,2017-07-13 14:33:06
209,29,2013-10-17 17:36:32,2013-10-18 11:40:54
203,30,2012-02-18 08:38:35,2012-02-29 03:03:56
10,30,2021-04-01 00:09:50,
81,30,2012-11-17 07:07:15,2012-11-17 23:04:27
66,30,2010-09-22 06:16:17,2010-09-30 22:59:32
184,30,2017-07-27 19:51:48,2017-07-28 10:23:37
122,30,2021-01-11 15:52:07,
107,30,2018-04-14 00:36:45,2018-04-14 22:59:53
157,30,2010-09-01 06:59:50,2010-09-07 23:05:28
191,30,2020-10-21 05:15:48,
248,30,2017-07-27 15:51:37,2017-07-31 10:23:40
74,30,2011-03-08 22:03:18,2011-03-19 17:02:22
27,30,2021-08-05 17:59:49,
96,30,2018-10-21 09:11:29,2018-10-22 08:48:39
87,30,2015-02-27 13:35:47,2015-03-08 13:33:18
228,30,2018-07-02 04:55:43,2018-07-03 00:48:09
244,30,2021-08-05 12:11:54,
7,30,2021-04-19 19:44:31,
69,30,2021-01-15 09:06:19,
7,30,2020-08-09 15:59:45,2020-08-10 12:20:39
134,30,2020-04-22 09:49:54,2020-05-06 04:08:48
50,30,2010-05-11 13:05:31,2010-05-20 12:04:09
18,30,2016-02-24 06:52:22,2016-02-24 22:44:24
219,30,2018-05-09 13:00:52,2018-05-10 05:54:57
137,30,2020-11-20 22:55:06,
237,30,2020-12-07 09:39:30,
170,30,2015-06-16 13:31:45,2015-06-28 11:07:19
190,31,2013-09-21 01:34:37,2013-09-21 21:14:43
34,31,2018-12-17 08:24:34,2018-12-18 01:25:50
143,31,2020-12-02 17:01:05,
177,32,2017-10-15 06:29:50,2017-10-15 23:48:45
241,32,2021-05-24 12:49:41,
10,32,2020-08-07 04:30:03,2020-08-08 03:32:28
19,32,2021-02-20 12:14:48,
156,32,2021-04-07 10:04:16,
136,32,2021-06-29 12:15:27,
91,32,2020-09-14 12:17:58,
184,32,2020-10-19 02:27:55,
159,32,2020-08-19 13:30:38,2020-08-20 12:37:44
101,32,2013-09-03 07:39:14,2013-09-04 06:32:59
158,32,2020-11-27 02:42:01,
194,32,2021-06-11 09:49:42,
12,32,2019-02-24 09:17:44,2019-03-07 02:53:43
192,32,2020-09-11 23:06:48,
26,32,2021-06-20 01:14:23,
84,32,2014-05-01 01:12:30,2014-05-01 23:09:33
247,32,2017-03-08 15:29:41,2017-03-22 05:49:56
23,32,2015-09-24 16:59:59,2015-10-06 11:04:59
26,32,2021-05-04 06:11:53,
83,32,2021-03-09 19:08:47,
96,32,2016-03-11 12:46:57,2016-03-12 06:59:24
244,32,2015-12-11 19:23:14,2015-12-12 17:54:36
179,32,2010-12-31 13:06:02,2011-01-07 06:01:22
146,32,2013-01-11 15:15:49,2013-01-18 08:24:13
174,32,2018-10-11 04:54:28,2018-10-11 19:36:55
36,32,2010-12-17 10:28:04,2010-12-18 02:01:47
149,33,2017-01-25 03:34:12,2017-02-03 18:22:26
143,33,2019-03-21 01:36:28,2019-03-21 22:38:30
30,33,2014-02-04 23:00:16,2014-02-14 19:30:27
88,33,2015-12-28 22:11:40,2016-01-07 17:22:44
47,33,2011-07-27 23:45:41,2011-07-28 20:12:25
219,33,2014-10-19 08:06:22,2014-10-28 07:34:07
178,33,2015-01-12 17:27:56,2015-01-25 09:18:14
94,33,2020-09-23 01:18:31,
195,33,2021-01-04 14:48:25,
67,33,2021-02-25 14:41:12,
231,33,2017-01-08 21:29:22,2017-01-20 12:26:03
222,33,2018-11-26 14:54:08,2018-11-30 13:58:58
121,33,2020-06-26 02:36:49,2020-06-26 23:52:40
90,33,2011-03-24 13:15:12,2011-03-25 03:52:27
184,33,2020-10-05 00:09:48,
66,33,2017-12-16 11:18:16,2017-12-17 07:50:44
234,33,2020-12-10 02:59:10,
186,33,2021-06-02 13:07:11,
226,33,2021-05-05 05:11:36,
110,33,2017-06-05 17:58:59,2017-06-06 12:24:31
28,33,2021-02-24 21:31:19,
73,33,2013-02-04 01:35:43,2013-02-04 19:25:14
117,34,2014-12-30 21:51:45,2014-12-31 14:08:29
199,34,2010-12-08 13:49:10,2010-12-09 13:22:32
173,34,2011-03-03 00:23:24,2011-03-03 20:16:13
76,34,2013-08-08 13:53:47,2013-08-09 04:59:30
150,34,2020-11-21 03:49:49,
54,35,2021-09-06 04:02:26,
68,35,2021-01-18 22:09:01,
80,35,2017-12-04 23:56:11,2017-12-05 18:46:39
27,35,2015-08-09 18:41:46,2015-08-10 13:25:35
156,35,2016-04-01 06:49:02,2016-04-02 04:58:15
97,35,2013-08-18 23:22:03,2013-08-19 14:34:16
182,35,2021-07-03 19:08:51,
249,35,2019-09-14 22:39:09,2019-09-15 17:10:46
165,35,2014-08-07 16:57:10,2014-08-08 14:14:45
47,35,2011-09-05 08:06:36,2011-09-13 02:00:36
198,36,2015-08-22 18:46:19,2015-08-27 10:56:41
229,36,2021-01-21 15:59:22,
118,36,2018-07-08 22:02:32,2018-07-09 21:22:52
27,36,2010-11-16 20:32:30,2010-11-17 19:41:30
20,36,2016-04-27 13:11:29,2016-05-03 09:37:31
178,36,2018-12-25 22:12:53,2019-01-07 14:50:54
31,37,2013-07-29 17:08:33,2013-07-30 12:27:50
183,37,2021-06-07 14:27:48,
93,37,2010-06-03 14:38:40,2010-06-04 05:50:33
84,37,2020-09-21 04:29:46,
135,37,2011-09-17 17:23:25,2011-09-18 16:43:27
233,37,2019-08-03 19:37:23,2019-08-04 12:02:59
197,37,2016-05-02 02:38:23,2016-05-03 01:29:06
187,37,2020-07-21 11:03:19,2020-07-22 04:17:19
59,37,2021-06-29 02:41:47,
248,37,2010-05-19 14:17:18,2010-05-20 13:01:41
121,37,2019-04-11 20:43:12,2019-04-20 17:52:59
20,37,2010-09-14 12:54:33,2010-09-29 06:00:04
217,38,2013-02-02 03:29:01,2013-02-02 23:01:10
185,38,2016-11-14 03:19:27,2016-11-14 23:19:37
58,38,2020-09-21 06:54:51,
95,38,2015-11-01 09:12:02,2015-11-02 05:58:00
40,38,2019-12-09 12:15:40,2019-12-10 03:51:44
206,38,2021-05-04 20:03:46,
7,38,2011-03-16 06:25:08,2011-03-16 23:37:31
204,38,2020-11-11 15:25:27,
28,38,2019-01-01 02:45:04,2019-01-01 18:01:58
164,38,2021-07-18 21:21:36,
58,38,2012-06-08 21:05:11,2012-06-09 14:12:59
116,38,2015-04-14 00:14:04,2015-04-14 20:37:34
152,39,2010-05-11 22:19:11,2010-05-12 17:40:50
85,39,2017-10-24 23:02:26,2017-10-25 14:23:27
202,39,2016-12-06 02:47:30,2016-12-06 17:01:57
180,39,2016-08-20 18:23:25,2016-08-21 14:04:19
16,39,2013-08-21 14:32:39,2013-08-22 07:43:51
113,39,2021-04-10 01:14:24,
94,39,2010-12-17 02:19:14,2010-12-17 18:02:56
248,39,2011-03-22 06:00:07,2011-03-23 01:52:21
24,39,2014-12-27 01:19:40,2014-12-27 16:20:07
219,39,2019-01-17 08:45:59,2019-01-18 05:33:17
3,40,2020-11-01 17:45:43,
95,40,2014-08-15 08:57:26,2014-08-16 03:13:48
197,40,2011-10-08 14:25:18,2011-10-09 04:26:32
12,40,2020-12-29 23:57:01,
56,40,2021-03-06 19:20:11,
249,40,2016-11-05 12:29:57,2016-11-06 06:47:36
176,40,2017-02-07 07:58:45,2017-02-08 07:25:22
237,40,2011-01-26 20:26:34,2011-01-27 13:52:22
47,40,2020-10-17 21:47:40,
231,40,2020-11-09 07:12:28,
219,41,2020-10-23 11:37:53,
205,41,2020-08-12 18:25:54,2020-08-18 16:17:37
243,41,2020-04-22 22:54:24,2020-05-05 18:14:58
163,41,2012-07-30 02:18:21,2012-08-04 18:05:29
66,41,2014-11-18 00:27:58,2014-11-18 23:07:53
105,41,2021-02-05 06:36:21,
224,42,2020-12-08 08:15:25,
246,42,2020-05-05 16:21:31,2020-05-09 13:47:05
194,42,2015-10-29 08:12:01,2015-11-07 22:15:19
117,42,2021-05-28 02:51:06,
113,42,2020-05-11 05:56:41,2020-05-19 03:29:05
248,42,2015-06-27 16:59:57,2015-07-06 08:21:17
194,42,2019-03-07 01:50:08,2019-03-18 18:16:06
7,43,2020-12-05 09:06:20,
98,43,2015-06-04 01:46:27,2015-06-17 20:53:05
43,43,2013-08-09 04:34:15,2013-08-22 03:03:00
95,43,2021-04-27 22:15:53,
237,43,2014-12-29 01:14:48,2014-12-29 22:02:26
68,43,2014-10-18 16:28:55,2014-10-25 14:37:30
56,43,2015-09-08 19:02:14,2015-09-17 17:56:33
